,address,legacy_escrow,c_ratio,collateral,debt
0,0x3551466a812dD2e7Dc9323d246d208B7FDd3fe8D,0.0,0.0,0.0,0.0
1,0x6F6e5836941235ef6255B51b05B1c9b767D49c9A,0.0,0.0,0.0,0.0
2,0x5651973BBe0F75ccd5b9e12ce1E08d47ad3A5090,0.0,0.0,0.0,0.0
3,0xD4d6298F71594772162ead29D9Ddc9d63641A3F4,0.0,0.0,6.853559602336816,0.0
4,0x34388d3a1fA47663a0A6076bBa0427782FF6D143,0.0,0.0,1.00675541,0.0
5,0xd66712374e93c323c60968Ac08B2e12AF227212c,0.0,0.0,0.0,0.0
6,0x2Ef401Cb814C5C7323fA32107Aa0af4247FCB84b,276.056733,0.0,276.056733,0.0
7,0x81Fd10B6FbB8527B39ACedbD9C5B65BDE36fb1f2,3316.04,0.0,3316.04,0.0
8,0xAF8c006965bEC0C4a725DC32F586BDe34e72A60b,0.0,0.0,0.5229986,0.0
9,0x4D96412dC4b8CAc17ad4a8541a5E0A16346cC204,0.0,0.0,0.0,0.0
10,0xcC8319355e61A0f2E6010ea9514C6c35FC400337,0.0,0.0,0.0,0.0
11,0xb37E9E18a6A65CEb355Db8664C8c6C4aa4f43a04,0.0,0.0,0.0,0.0
12,0x1804be1013f3782fDA2755D7DDaFE4419b1bA051,0.0,0.0,9.6e-06,0.0
13,0x2A80d53CE18604dd789064B50Ca6956e5f0353D6,0.0,0.0,0.0,0.0
14,0x3E1b1Fe45cB2040B97CDb3191d4933Ad1FF0928d,0.0,0.0,0.0,0.0
15,0xedD1fA1aF1807F3dF4B0b2DF674e86eBA1dBF99e,0.0,0.0,0.0,0.0
16,0x05e23ecC9d9295b106d2f3E0a0c09382B85e62A0,0.0,0.0,0.0027057,0.0
17,0x2cF9a097C3187718c11eDD975a3dd23B441cCed1,0.0,6.358853785741575,538.4199023574821,181.43414444017094
18,0x6aA98db7B62361CFEFcBEADAB2819D0eF9aa3d09,0.0,0.0,0.0,0.0
19,0x3a54791F4647136520988E6D5025ebB8e4397123,0.0,0.0,0.0,0.0
20,0x0aae5BF1B28B4f307e10B88c01ceCEEBE41fE141,0.0,0.0,4.500621139000345,0.0
21,0x7E8DC0f834FACa3bFc28C9771Da52C45cCdef6A0,0.0,0.0,0.0,0.0
22,0x5DC3E8F17f0CF332dad4C5De32342d4C3B57FD87,0.0,9.300224358872203,422.55842151379903,97.35765194993576
23,0xDcDa3d581345437C7c880773c0b6005398844FEb,0.0,0.0,0.0,0.0
24,0xd9d5b0231000E833283378163f36534D641258D8,0.0,0.0,0.0,0.0
25,0x7f9A445Fb4D784AC0C0DB2DFF5BDF4EBCc092249,0.0,0.0,0.0,0.0
26,0x2ba9dc74F0CB1a184B35615c8Cb6de5e45969644,0.0,0.0,6.4031051358227e-05,0.0
27,0x122A2943A2A1aaeF7aa68C881b760e3abddF10DC,2797.8900000000003,0.0,2797.8900000000003,0.0
28,0xd235626cC7fC901d8e7b6c5a347dFf8e06b9d987,0.0,0.0,0.0,0.0
29,0x2C771997884e5aD3582f3F4cdDE9BD4b536B5D7d,2518.27,0.0,2518.27,0.0
30,0xD72708E95577F80056Fd6A44EC30d644B5A86486,0.0,0.0,0.0,0.0
31,0x2Ceb2b6515108f1dbC748784Cf42910069004E70,0.0,0.0,0.0,0.0
32,0x9c22b9fAc91B43e0edF8656eBF715A8102127aa0,7853.16,0.0,7853.16,0.0
33,0x409356fCB427e991abAe8E0bDA181BFa8db98C26,2717.94,0.0,2717.94,0.0
34,0x0FF880130B09Fe30bD1e550dA1C052AFD0D0733E,0.0,0.0,0.0,0.0
35,0xD7194817EdB6f381A390B9Dc50BAE7a2e19558f6,0.0,0.0,0.0,0.0
36,0xB459603f63aB196c52513E2e397385E9E6cabc85,4028.0299999999997,0.0,4046.9080759,0.0
37,0xe426B9F168F1F61c8EbDe6dD1fc8F2af7f519A76,0.0,0.0,0.0,0.0
38,0x95c5DF9fA8cC423E7e86eB356C5d4A63E2125d52,7660.410000000001,0.0,7698.166151900001,0.0
39,0xcA53076B6978FBcffd71913f496c9C7B3eB210b0,0.0,0.0,2893.9180759,0.0
40,0x90d84d13e13ceF43325a2B645E6A82052784B1c3,2017.6499999999999,0.0,2017.6499999999999,0.0
41,0xB69e74324bc030F1B5409236EFA461496D439116,0.0,0.0,0.0,0.0
42,0x917b4B0E86fC7766695095dD1A5292B3BE8b2D14,0.0,0.0,0.0,0.0
43,0xE7c7c6055263203a16F3B2693e95b271B54F3d84,0.0,0.0,0.0,0.0
44,0x708264E430Ef9886D79cfB3D5Bb2a23053BCaC9A,0.0,0.0,0.0,0.0
45,0x134655a5410dED30532ce798028DaC255B32D6b7,0.0,0.0,0.0,0.0
46,0x51c57dd7f9F8aD2e457223C22b4AA6cf1c630C8C,1193.73,0.0,1212.6080759,0.0
47,0xCed50221abe135f6085882DBe451CFAa6E8cbC23,0.0,0.0,0.0,0.0
48,0x171B64E8F1bd7C077c015635Dc9B5f9d12D655bf,0.0,0.0,0.0,0.0
49,0x00AcD4F38078fccEa64b2C4a3BD496bAa2766317,0.0,0.0,0.0,0.0
50,0x04894e87522562B13a938D1A96233ac83905Db5d,0.0,0.0,0.0,0.0
51,0x7CA2c2534Fac81Ae6805BD4E1c8439116141502E,0.0,0.0,224.2449235,0.0
52,0x1EA4476fFCc1866dc34b5210E795984a2a1913a5,0.0,0.0,0.0,0.0
53,0xfE712d4eeEa05F9CA60F3CfC35A1B46aBb235Db1,0.0,0.0,697.1523823171642,0.0
54,0xAc4ad1F81AAFD8f9BbA53d2f525C4b85862005B1,0.0,0.0,552.0658692056431,0.0
55,0xCf10540f5d1a2d0Ff633ddB60Aa9F81c4d78BcBf,186.4828459,0.0,205.3609218,0.0
56,0x10062f0106ACa6a01d9e8E7AD19d1CC85C02b900,0.0,0.0,0.0,0.0
57,0x6C7Fe52aBfb011a9510403bCC88694345e3B7968,290.1203686,0.0,308.9984445,0.0
58,0x788528412C6387d4d296b2823606a1799F3D25dc,0.0,0.0,0.0,0.0
59,0x6C12fBd5A0dd2278D5a42f08d66D5abE04c97f88,0.0,0.0,1068.1081827166922,0.0
60,0xBC9E297a1D1F97198f1D1f01C835E2516b0b71ea,0.0,0.0,0.0,0.0
61,0x643D99296A958214C2945A3372B98ff1Cc419eD6,439.3497752,0.0,439.3497752,0.0
62,0x31fbd03296267809Bd84cAa7c06FB946da7bB0bc,0.0,0.0,946.2021923,0.0
63,0x9538B89EbFD04A97113A2773656b844e367b1C7D,0.0,0.0,0.89744205,0.0
64,0x18198671799bC61065FbA12AC6B093190653b619,5449.08,0.0,5467.9580759,0.0
65,0xe53a351F6F67733fCFF5C77Fe2D4BBDbB21451d1,828.9564148000001,0.0,847.8344907,0.0
66,0x8f9aEF0E62838A8aCd04c5C6C449b806Dbc0b484,0.0,0.0,0.0,0.0
67,0xF420B8148D70d86FfD945c61ee0c0d0678bdF08E,0.0,0.0,0.0,0.0
68,0x233b41605a4eb670B099628FD0ee49A8457f0e54,0.0,0.0,0.0,0.0
69,0x53A34B9fadB258c140E28b3096Bc3AC19b65B34F,0.0,0.0,0.0,0.0
70,0xE8552cd891416441c501BFC39438C923b72B580b,0.0,0.0,584.8242933727604,0.0
71,0xa8a77Ef0C4FBB2C2182527a198701bfDA3EdE399,0.0,0.0,0.0,0.0
72,0x28Ea4a0e9899bdce3ae67d7aAd4792f9f0780eFB,0.0,3.2128285080694106,76198.36604144968,50820.024388134254
73,0x98ae6cFBB8012d474176BA088DeC56f8e0964797,0.0,0.0,0.0,0.0
74,0x7F553b11Cc608EcA0A5c98A27f8818d8b7543315,0.0,0.0,1903.8080759,0.0
75,0xbF3f54AB0cD10f5B53Bf8ADBc275417E780cD965,40000.0,0.0,40000.0,0.0
76,0xbfe2E66358292B9245463E4EBACEB4a2dfb2B4dd,2115.8599999999997,0.0,2134.7380759000002,0.0
77,0xb5F2949aADDd62C07AB10FFd39964fAF60887560,0.0,0.0,0.0,0.0
78,0xf5549c6E4C92E78B6B246bb1bFb668a7bE4ddc3C,13323.432499999999,0.0,13323.432499999999,0.0
79,0x0Ca07359d11f5cDdcdBEd1399E245B21f051827f,1367.97,0.0,1367.97,0.0
80,0x3dC9CFf144f3bC3b5FD9a690Ec8b3F51c023b274,212.8395547,0.0,212.8395547,0.0
81,0x00e6224Fd18cbBC2e20A5CBd2103D6E8CEA741F8,0.0,210.21626765689876,775.0434503380382,7.900170872114368
82,0x023cE4C46c4ceEF7a81bc23721c78E1f13438CdD,0.0,0.0,0.7185307844208032,0.0
83,0xC4b0772b22EdB9B1a68a6f51Ef6Dcb3667f7ce16,0.0,0.0,0.0,0.0
84,0x22B0aC0be4633F57Fa4457268AD365C11227e172,0.0,0.0,0.0,0.0
85,0xD5157866F7bB8f490E13Aba960f689178635EAD2,0.0,0.0,0.0,0.0
86,0xA659F1E4baAAFD27214Ad8022C520DC74A932301,0.0,0.0,0.0,0.0
87,0x6d9235aEbc3Cc8Db941196fC490a2F60d640a601,0.0,0.0,0.0,0.0
88,0x0Ba81a4DA35c57115eddf4C4C1fEd34B180Df884,0.0,0.0,0.0,0.0
89,0x975Fc1460c0290c55C38568e2A6F4F9B5B0CaC8E,0.0,0.0,0.0,0.0
90,0xEdADa5A106800F1F538C4940ACA3D18C6D9a2c56,464.76418729999995,0.0,464.76418729999995,0.0
91,0x4958c21c781A3bd209d6B7A9DF34664fa210635c,0.0,0.0,160.7307096,0.0
92,0xF3148f8F0286DDf2594b70fA44695FE085075BcD,0.0,0.0,0.0,0.0
93,0xd2cf68aC7099dD5A4280597d6C1D4D25E519e1F9,0.0,0.0,0.010915437069095618,0.0
94,0x622ffE5e33Aab8378dd549A7CE8F4A29EFd93deE,0.0,0.0,0.0,0.0
95,0xd3A02877891F092aeA06540e11dF104f0eF54D1F,0.0,0.0,0.0,0.0
96,0xB76deD4b696ac9832a8F97ba8ffd3B87F393EF84,0.0,0.0,0.0,0.0
97,0x4682f0ccC7Bd7cd668BC319FCe8497a6b35277E3,0.0,0.0,0.0,0.0
98,0xF51771092F4958802Eb9A28ca7380cB410FFBf4C,78.52158806,0.0,97.39966396,0.0
99,0xd95885BA03f05062E7c599b9E863e0cD0731A778,213.10684400000002,0.0,213.10684400000002,0.0
100,0xf6Bed2bb9aB681b0B736f347351FAca63231e84D,0.0,0.0,0.0,0.0
101,0xf60C9808a0205535C6A211f2732c730157F163fc,0.0,0.0,0.0,0.0
102,0x2c7474d1fdbc866e2C43aE64aaF7fe6086e2A88b,0.0,0.0,0.0,0.0
103,0x3cBd12B2d41B637868eDA7BFAe5Ab4026d194617,0.0,0.0,0.0,0.0
104,0x167752D0be7Eb1715Ea0F0d12552955C9eb59682,144.2694697,0.0,144.2694697,0.0
105,0x8EcFB8dE933E50e138F7965f80a4F79165467992,0.0,0.0,0.0,0.0
106,0xB806f2a194eA0e2163Aa9FB077e6F93b613c737D,141.995485,0.0,141.995485,0.0
107,0xDdE2DD999217a6765449D5FFE6316A7065243541,5803.17,0.0,5822.0480759,0.0
108,0xbe87A7A002c47065096342C7BaC0af7b370BF92b,0.0,0.0,0.0,0.0
109,0x39c329225f485C5f916E521376ea3cf40b9A7978,0.0,0.0,0.0,0.0
110,0x97973eb1569b1dF79858A0F1CcF5a57292Ea76b9,0.0,0.0,0.0,0.0
111,0x6803D123AA157b643d7efBE96570b0F95E2b4e62,0.0,0.0,0.0,0.0
112,0x3A2839250072f936f1A1BE79A367e18557fb4a2c,0.0,0.0,0.0,0.0
113,0xa8daF992d9aAf686484b401E37fE4d2cdc91e0A4,534.0562366,0.0,552.9343125,0.0
114,0xcF9939029B6AB9A53E49Dafd4e30D3295F764f08,9046.65,0.0,9046.65,0.0
115,0xE7A0396E3F0A564029B9171982E947f57436cace,0.0,0.0,0.0,0.0
116,0xb74ddbc2480Ff182F524E4f308881f3BE9123768,0.0,0.0,336.4356634805262,0.0
117,0x7BB79ad6f3b42e71BE4557b2f205D257C323bDd3,0.0,0.0,0.0,0.0
118,0x633E3Cb4c167da53159e828c1C03e4689b0Ac333,0.0,0.0,0.0,0.0
119,0x5714845e74c7A98fFddd3D561B331B2011E25426,0.0,0.0,0.0,0.0
120,0x35da61143072716E9CA1DC688E9B04145314E8D1,0.0,0.0,0.0,0.0
121,0x95d15ed989e0c79Eb7e3C3E5E557f79a7361a8c3,1019.7299999999999,0.0,1038.6080759,0.0
122,0xc61176EC9B6713df31538d10A2aE80fa21f4f478,0.0,0.0,211.76,0.0
123,0xCf39ea1cCB1E43a3899519859677CF8D301E603e,0.0,0.0,0.0,0.0
124,0x48ab39a8D817CabCDd4c3176EE14d1C4F7bd81D7,0.0,0.0,0.0,0.0
125,0xA9C09f45b2bd1bbB3D7AC14506B7C9c9476A7649,0.0,0.0,0.0,0.0
126,0x7113FBdc1c6EF083a72Ba152b446b10654E4e05e,0.0,3.69403929108316,1828582.977230744,1060693.52388973
127,0x7Ce17052d30B4feA3dDa711EC472bB36807E18E9,397.94508429999996,0.0,397.94508429999996,0.0
128,0x8785BC7c6499c6FFcf2f246251C88E222AeE6290,0.0,0.0,0.0,0.0
129,0xDaeBc78faC18556D123E2ee26a0eebcbe8bcdf15,1727.8899999999999,0.0,1746.7680759,0.0
130,0x3633316eA865AC3CC451Ec760EC4ba6FAAd7BA09,326.3553503,0.0,326.3553503,0.0
131,0x7216fc524ba0532d55b3975489B18cA952b59D38,526.9967915,0.0,526.9967915,0.0
132,0xC7c552f46B8bF0e790C16C2d4E3B84dD5DCf9154,0.0,0.0,0.0,0.0
133,0x2037255afC8efFc5c321190d611938491e4cC83d,0.0,0.0,0.0,0.0
134,0x7404e7857998fC877E1A89C876FeC139a1A32e59,1321.67,0.0,1779.1823038,0.0
135,0x74285939A2384c7FD24a90384620cDC083928c83,0.0,0.0,0.0,0.0
136,0x3674840e64A5B2176052d9F65A9AC7e8dBF7bD5F,0.0,0.0,0.0,0.0
137,0xdd386f1c2C11ac53fF5C726b6962b87b882e5995,0.0,0.0,0.0,0.0
138,0x8c4da8afCB02BA3514C7cFBa36DAB125DFE5a764,497.4313554,0.0,516.3094313,0.0
139,0x65447778C02aC5CB611BD8D952E3aa77eAb48446,0.0,0.0,0.0,0.0
140,0x110FBFF6BD0656D2734Ad2FC23fDf72a7cd3273E,418.4626096,0.0,418.4626096,0.0
141,0xEA6E2EE9B87B8052eC8e5aA023C249dC74383Ed1,0.0,0.0,0.0,0.0
142,0xa982BbDaf783Eb7C3914D988b7e2a0bE865ccB53,0.0,0.0,17.79462815765415,0.0
143,0x24e445fe7708Bf4bC2ae8d4df1694C98Af8BDE4F,0.0,0.0,0.0,0.0
144,0x8CfE2c93d5734283d7232e1817B63c95F9452A43,0.0,0.0,0.0,0.0
145,0x44D254c83E5b702ab89228Cd2c024A4c516466ED,2644.86,0.0,2644.86,0.0
146,0x8Ec3d296801206f4b730be8A06e08BD3C376C0e6,0.0,0.0,0.0,0.0
147,0x8Ad76A1bEf25cd903B8C1DE72aF6d2Eb30218C95,0.0,0.0,0.0,0.0
148,0x717bc4Ef4b37F5C8915d495a4725B21cBe6c9C30,217.2308607,0.0,217.2308607,0.0
149,0x6315e7487F1B9ab794fc4061cc12D5C160c5DF8a,0.0,0.0,0.0,0.0
150,0x30dc3e88f2885693CE39BBedeABBA800840819e9,0.0,0.0,0.0,0.0
151,0x39D2a19b3D565aB61CFA497C1a78DC50a741aE63,0.0,0.0,0.0,0.0
152,0x7F168e29C9931bc57ecB6DBcb07B335348E7786f,0.0,0.0,754.8227634000001,0.0
153,0xf344E2f41aF15624B56A708c5Ea3C0360ebab7e2,0.0,0.0,7.59e-05,0.0
154,0x926787921e4fa613c62f03292eB357931ab6750b,0.0,0.0,0.0,0.0
155,0x5eDb8795aFC1E80F4DcD2f82417F9dE3a1eC3c2f,0.0,0.0,1.3469205,0.0
156,0x5cFa3aCef2cFAea33396f1FF8E2068765F887833,0.0,0.0,0.0,0.0
157,0xc8D279028c02E9eD954a0a22ED3Fe580a201875F,0.0,0.0,0.0,0.0
158,0x14015F4C9B131F08AF9C8A987AFC22bA58eB1459,0.0,0.0,0.0061366,0.0
159,0x64F82A8344F4239a9092da000Ad653c29d1fAdf1,0.0,0.0,0.0,0.0
160,0x55D4Deb9198118354F9EDb1a0d0Efd754a3B765b,0.0,1.1864111272857472,6.746909970481083,12.185587120006568
161,0x24eefFBe8a04063Cab00913c251dE830a37346b7,0.0,0.0,9.6e-06,0.0
162,0xAF712D5E35140C01f22B3de56501439D4F745Bd7,58.009697100000004,0.0,58.009697100000004,0.0
163,0x41cc470616085c556C13DefcAdA0E14caeDe0d73,0.0,0.0,5.744211956259971,0.0
164,0xBEe33aC5520a2245CBF8288e768A5cC26927cddF,0.0,4.540286459638113,13599.977107619841,6418.4723985636
165,0x16A4FBf8d80cADb5b3Dc8BEC8733b607666786d3,0.0,0.0,700.9717371,0.0
166,0x54d4080188f1bc6A61CA050ee82C3D3d76d6dc21,0.0,0.0,0.42751950169403247,0.0
167,0x323E1623CB4dE17db005a66ec6EEdeF4bc493594,0.0,0.0,1.1404919896738006,0.0
168,0x12028D8d506F755E81Edc72061936F56304E5722,0.0,0.0,0.0,0.0
169,0x1abA3ab0dAbff5619C101066Cd2cF8C7e50993c9,0.0,0.0,0.0,0.0
170,0xD67b4917F4A8B042bcc8bb73Dd524Cd89e7bd5eE,487.177549,0.0,506.0556249,0.0
171,0x3BE525f8D47b4cAD7d48309fE9B6146AdBd63dc7,0.0,0.0,9.743326955412172,0.0
172,0x8767aA7E0083442012Fb2E41774796544Bb6B3a6,218.183921,0.0,237.0619969,0.0
173,0x9C2579454B9854FF3dFB64e9Acf687615Ee99856,0.0,0.0,0.0,0.0
174,0xA1ca76eE286c011B074ABaE70B4DF768b16a671D,0.0,0.0,23.19960268516111,0.0
175,0x20Ca35Ccc62107EEfE5874Cd14954E7Ea12A75be,0.0,0.0,0.0,0.0
176,0xec872Beb7d25C7747635c95eaAdfD623F08c492a,1327.05,0.0,1327.05,0.0
177,0x93A393432ed86d7B568f1aAC0975C831871fcBb1,0.0,0.0,649.6258478999999,0.0
178,0xf338a082D42cECa21d1289679Af8c27390107fDf,0.0,0.0,0.0,0.0
179,0x5C997EFE0D1a0Be39e7E99ADEE56d8265Cceca3B,0.0,0.0,0.0,0.0
180,0xc7cb2Aba0ef1B99bb23cA8C8F667B8624bC430Bf,0.0,0.0,0.0,0.0
181,0xF0A899124CA7101055E45C1AAD374092c7C357cB,0.0,0.0,1.0901453251165962,0.0
182,0xd514e7Bd4acB76c87c5587ecd14714FBa4CDdEab,704.5985760000001,0.0,723.4766519,0.0
183,0x8eb629B50B6a4eC3F1d903962836490D4a0De47c,0.0,0.0,346.7545964,0.0
184,0x653882F522E89fB89A5d3B134eA88e85d717b84d,0.0,0.0,0.0,0.0
185,0x891F1D4DD7d4B3Bf1Be6a3AFCB5bBAADbea6320D,0.0,0.0,0.0,0.0
186,0x0BBdD27e2da45d2Cf8bCBb43487A19AD08B393c1,0.0,0.0,0.0,0.0
187,0xe5F3a9033B4f2727859974da45Ad1719560172Ac,0.0,0.0,0.0,0.0
188,0xFA48A467C8e0586fEd1626A089CAa27c423768E6,785.3526777999999,0.0,785.3526777999999,0.0
189,0x86f0F2c5500420cc751AF409B3A8a24Bc5dDfE45,0.0,0.0,0.0,0.0
190,0xdE5A0A50416f85B863Cdd4A9c0F213fEF26F2D0c,832.593308,0.0,832.593308,0.0
191,0xabdb271298556dD78a14FF68749016e052fc4e1c,0.0,0.0,0.0,0.0
192,0xb4D3513E9C9af13326C1e967Dafadd29103a2111,0.0,0.7500109615038694,12.36406185134958,35.324035573692335
193,0x7b7a2e684F5C7b1990576BccbC23CF6A1eAD786E,0.0,0.0,0.0,0.0
194,0x164D712cDc7c9c8a50067D21A189Bb7532e85337,0.0,0.0,0.95,0.0
195,0x757B8f9453dc6B7AA0D4f31E1894560FA7630E4d,0.0,0.0,6222.78506603158,0.0
196,0x7d356EB13aef2D893f1a65C4552F911527c6758B,0.0,2.4187339879312417,30.589666510904827,27.099631799759514
197,0x1b5CE73d74f7f8f0A3D603FA1655Da9eE5a162f2,0.0,0.0,1.69053244278493,0.0
198,0x4F8bB28187Cc89ddAD0f35AA76A4693A54595c24,0.0,3.531985358458038,3872.05235832519,2349.0868940917994
199,0x5EA87f0Cc1a2caA5f1e1ADaC2F2a83655774E108,165.83441285,0.0,165.83441285,0.0
200,0x72740De7c82588959b633FBcC214673182511268,0.0,1.3027445096936314,6.139357522548096,10.098117707889699
201,0xaeF2a4cfA9D45eB36e5941522A69b45176999Fd8,0.0,0.0,600.0,0.0
202,0x7816E4E09E11B11F44a4d7AB1578d1d1748AA768,0.0,0.0,0.0,0.0
203,0xb8E4a0E2fab467B72bf6d24DdDD6164FE94eaaF5,0.0,0.0,0.0,0.0
204,0xf643DF4c45909815b82A0C587010A8d8edde7A98,0.0,0.0,0.0,0.0
205,0x13e72c58dF4678C4a05F619b99271fBB51f2a048,0.0,0.0,0.0,0.0
206,0xf7D8A9016dcB338F24b9C5bDD8308775F4f0a2a6,0.0,0.0,0.0,0.0
207,0x76111676d01316099840A162cb45b8e28e39Cfce,0.0,0.0,0.0,0.0
208,0xd839D7CAc5A1725199a285d6be0b0D05Eff71b63,0.0,0.0,0.0,0.0
209,0x7B317f3c98500B0dEf1c6d10448076ccC989eCB7,0.0,0.0,0.0,0.0
210,0x31cCa7Ed73DC27E32f854beef74b431B2A1a71a5,0.0,0.0,0.0,0.0
211,0x2439E7a5bCCa82C7c13A2623cCCB91c352B63579,0.0,0.0,1976.2687414164016,0.0
212,0xb224E869c520d60530Cedc45B59054F26e5E1358,2487.09,0.0,2487.09,0.0
213,0x3f19196348842e4775e7b648C3343bD2ceCD99Ca,0.0,0.0,0.0,0.0
214,0xe71B2Eb5757Cdf4A591317D4bBdAA263f946f9Cb,4101.86,0.0,4101.86,0.0
215,0x3a9c7504e49a852D945B56457FE38C74ED8086Ff,0.0,0.0,0.0,0.0
216,0x3E61E81b2fEB7b6468509D739e321580B304d751,0.0,0.0,26.426774634629826,0.0
217,0xea877FfDdF8533B7120B78C5B3B198e986FE8Fe1,373.1274289,0.0,410.8835808,0.0
218,0x54197C5900eF9C70a3d5a99632b61bebcE46859A,0.0,0.0,0.0,0.0
219,0xA827DEC81c7C3b88139249cEaF4CE426C2F1Cc0f,1160.63,0.0,1160.63,0.0
220,0x7688312843aD7639461410dfCd00D8a4fDa3f5b6,1865.4750000000001,0.0,1865.4750000000001,0.0
221,0x57e0eF04b3D4bE5583d89AbD135e110517f0AC59,0.0,0.0,0.0,0.0
222,0x578c62CE31D6b86FCCba350Aba707794eF1b1418,0.0,0.0,0.0,0.0
223,0x2Ca7226944b7B776dA9B0E32f5367f0679Ca74e9,0.0,0.0,0.0,0.0
224,0x1454294370575E76Cc396Cb9A9278955b07A337B,0.0,0.0,0.0,0.0
225,0x5950dc5C3d7820937478F9312539B2e953f62e33,0.0,0.0,0.0,0.0
226,0x8c65A7B51e2cd379212Bdc28D52016e641dAa3bf,0.0,0.0,0.0,0.0
227,0x73d8600fafCD5bB2a1E95192902730DDeb30586f,0.0,0.0,0.0,0.0
228,0x865bb8e425C7a121a43a0e3d878bC46Ce2F647d9,0.0,0.0,0.0,0.0
229,0x3FB7d366036f854F479bB40CB547F34352399F21,0.0,0.0,1322.5035607777843,0.0
230,0xd14E0c26b2954e8eedfBAC0c8A8475AB6a52B124,0.0,0.0,0.0,0.0
231,0x1A347C748248E18f3b99be624e158553fb96af1f,7295.419999999999,0.0,7295.419999999999,0.0
232,0x2e0dAdd0174BB9F4099b3E04e4a2300de2893B0B,0.0,0.0,0.0,0.0
233,0x3D4008a25dca89f9d37c0903BA623A55c6ae2ca2,136.6603945,0.0,136.6603945,0.0
234,0x7e529F6dfdd776ff65c0199D6bA8070960ED98b7,4974.17,0.0,4974.17,0.0
235,0x0e74f64c8dE7424F65365c6601476aCb6f881671,0.0,0.0,0.0,0.0
236,0xE20Ff024e00A324D6Fd29750EBe92e6b4FaA2741,0.0,0.0,0.0,0.0
237,0xA8789a251CF881d8524C12e6223Fa110C357e587,1410.57,0.0,1410.57,0.0
238,0x7D3fF2f60eC1925d70AE66BcA51264F6e338B152,5023.91,0.0,5023.91,0.0
239,0xd53258aBF040044276b0242aeD7768628bF18900,0.0,0.0,0.0,0.0
240,0xb18AF710a4b856c6A5a6f13b04259FE8e180213c,0.0,0.0,0.0,0.0
241,0x3abcc2A9eF4690C8827ceBA68e71c06BC03a1387,0.0,0.0,0.0,0.0
242,0xE86d1d77F1D579FC4654C51F32c32ca74917266C,248.75161926666667,0.0,248.75161926666667,0.0
243,0x94674660566f4Bb99CD3f3D69dAAd467Aece75B2,0.0,0.0,0.0,0.0
244,0x632210F14D3639cdCE9117E7b86312C14c8a37e6,0.0,1.1177367930418576,35.87810962136779,68.78072679685613
245,0xfD170e8F0525098D3036B0f8Dc72663e6bAD580d,0.0,0.0,92.32529635733307,0.0
246,0x24B5AC11A8Ec38406ACC9aA4130165F2296C6bE6,0.0,0.0,0.0,0.0
247,0xE663015824674135A3a136fD666531A913c1a2DC,0.0,0.0,0.0,0.0
248,0x457a403E1003cE5f0514C1cE5F97284a1759B474,0.0,0.0,0.0,0.0
249,0x7336f733657fe7Ffc92E27fb19fD5A6aE4C0e0c2,0.0,8.163605895961702,25462.650503322704,6683.413530564831
250,0x6c2BE0d62Acfc101FD5EC02426c543DEc5cACA84,0.0,0.0,7.59e-05,0.0
251,0x0440B3c0c9092f5480a06FF277E732b37f0c074E,0.0,0.0,0.0,0.0
252,0xb214Aa717aFb4A45D07eF92e3aba51D784037F60,0.0,0.0,0.0,0.0
253,0x4cb7e58DabbD6eCb38EF0103497b8930b4f05122,300000.0,0.0,300000.0,0.0
254,0x26262F2E2846dcc4F09aa295EdBDF5FfCc8998aB,1409.3400000000001,0.0,1428.2180759,0.0
255,0x3F9Fde9103722Fa813e24efc7757fd8cF4A32AD2,0.0,0.0,0.0,0.0
256,0x3080f7F656AD27BFB9617d0DE72722887BAd61d0,0.0,0.0,0.0,0.0
257,0x5FCd0857C17E5943BA83Bc367B43e0450D79A08D,1594.8899999999999,0.0,1594.8899999999999,0.0
258,0xbcE245302FA053ad3F6862a496408949BcFf7cE0,489.15607669999997,0.0,508.0341526,0.0
259,0x0f69DdC09A979Cf1cC97Cc889F822E59258674bC,0.0,0.0,0.0,0.0
260,0x93E1F48197D10a40Ef6613f00cb8B4d101C122C1,78.93197964000001,0.0,78.93197964000001,0.0
261,0x43fAAd107926A2019caF52e3be51cD773D263726,75000.0,0.0,75000.0,0.0
262,0x7658e30395A114c6a57AF56d1549ea1400A80F8e,0.0,0.0,1658.0600000000002,0.0
263,0xDd332Bb810f4aeC071597357c58fE574A31A1Ae4,0.0,0.0,0.001,0.0
264,0xBf4fBD8C2779235f5dd83FB1e6ff991cA668ab8b,0.0,0.0,0.0,0.0
265,0x811F0da218CB46311B99d0F5f022B36a8B9dc74a,0.0,0.0,0.0,0.0
266,0x5f2ce649C52CF7de4EfbD0b83E88f610677e3c52,772.4052259,0.0,791.2833018,0.0
267,0x60444d9D3351EB5476402dCE631965EAc3B54cAe,0.0,0.0,0.0,0.0
268,0x4f2dC0dB8aF75e8B60EA6225F53D6dAE1E14174D,0.0,0.0,0.0,0.0
269,0xEb5A7682702f0eb4Aae579071220fD00eDe91beF,0.0,0.0,0.0,0.0
270,0x21440916729dfA87baC542B6b0Fb84Cfd71B162f,0.0,0.0,0.0,0.0
271,0x3624EE4e86Eaff354CAdB1f2AB149E42d2AC78a3,0.0,0.0,0.0,0.0
272,0x50F44a76E2849D8AB61a90198c09ceeE004525eB,0.0,0.0,0.0,0.0
273,0xC727fd6Ac2211a71aB8993Aa58227B4Cb9680625,248.7156777,0.0,248.7156777,0.0
274,0x0a36260b5eD99e002166f10550AfB8F662C6C35D,0.0,0.0,0.0,0.0
275,0x3A172c9a0A223356D047f33B1CE9A1F9DdF0B152,910.5135585,0.0,910.5135585,0.0
276,0x59dA7D5FdCEE63738BC983FeE3B13357Fe18b9B6,264.5013936,0.0,283.3794695,0.0
277,0x61597fb9edeb3B3dA48af3e6c3d712786696378f,7119.23,0.0,7119.23,0.0
278,0xC344a0790d73A1eF0Dd5fD738dDEEB7fd66C798F,392.6635649,0.0,411.54164080000004,0.0
279,0x526d28dB8FC6739D6ED785c9D0975F00f7373D7b,0.0,0.0,22.485230350280048,0.0
280,0x93df892bf497e151Ed4AB882aA97CC2A7F3c0BF7,0.0,0.0,0.0,0.0
281,0x6A861e31d1481516f4011903CC705aD361B08005,0.0,0.0,0.0,0.0
282,0x5d59e25633Ea5549dDf22e6403F9dcB9C26a8275,0.0,0.0,0.0,0.0
283,0xc98689e7Ec0437cdD93fb1365fe04A8b8C4AbC85,1705.4099999999999,0.0,1724.2880759,0.0
284,0xD72fB191c458724BFC60F5cd203d20C24890D79F,0.0,0.0,0.0,0.0
285,0x20378C91EE9Bc09E39eaE1fbc3820d97fC075633,8290.41,0.0,8309.2880759,0.0
286,0x84D96968235A6A60d4F7BFAA77112bCF02e739ca,0.0,0.0,0.0,0.0
287,0x0C24e7Cec784E7F27B319054E82CF1093d54Ebb8,0.0,0.0,4456.319145923874,0.0
288,0x3Edd9451DFFd2D6a951123C9e0D9182d8F088f39,0.0,0.0,0.0,0.0
289,0xa6e695FA4512E74cE17BdFe84CDAD39CC6B2918c,0.0,0.0,0.0,0.0
290,0x668873889baf61DF613878eF361d6019368B363B,0.0,0.0,0.0,0.0
291,0xFf6ff9326876Cff3bBEecBDf9dBC2698b5b1c6aD,0.0,0.0,0.0,0.0
292,0x3792d0485694CE314E78492A2D313b22D4fdDBee,0.0,0.0,0.0,0.0
293,0xc15B4B1d033988C210C65E3A61FcEf1b408eF166,0.0,0.0,0.0,0.0
294,0xC165896160920cf5C3553746641f384e4d16D3FA,1579.98,0.0,1579.98,0.0
295,0x98bAB744Bfa515bcfAD2006820916E29135eaDA9,0.0,0.0,8345.3880759,0.0
296,0x28eb0ce7F78DFaE3f98A1d6b59872B78f642966F,728.5398914,0.0,728.5398914,0.0
297,0x7901ff6dCD920808a46381a0A05e56077AAE518d,0.0,0.0,0.0,0.0
298,0xE22B73646e1C29CE088A1Ad4C576C9CbDDdD230E,0.0,0.0,4e-18,0.0
299,0x629C13a5B0e6633157d14f3301D09fB297aCF4ea,0.0,0.0,0.0,0.0
300,0xA5Db44e5002D9558a04337f50f9212d5ce715A8A,0.0,0.0,21.946264819159502,0.0
301,0xF89CA0C42eAC81cF36EdE56E68a02D91af661a8d,286.8137439,0.0,305.6918198,0.0
302,0x2BdED47FF69ac66CE9aD1fc9B57fB23e20356E33,0.0,0.0,0.0,0.0
303,0x93bEb6504881Fd86aa19f014D96194D72A36098D,0.0,0.0,0.0,0.0
304,0x3Ad83E9fe5d52D9617558A5f940BAa3633FEb68a,0.0,0.0,804.2052057,0.0
305,0x66eDA2f81D60feFf27654E4Bd183F3841ADaE2EF,0.0,0.0,26.756681012866174,0.0
306,0x5e594cdE341D6Fb052Fc52221Cd9AD154231Db42,0.0,0.0,0.0,0.0
307,0x2E6082CE2Cb335cA6d852E5c4D06EB08c4fDE707,0.0,0.0,0.0,0.0
308,0x9efc84628BBD0A1B6dc234f18Cba585cFE761385,7274.6900000000005,0.0,7274.6900000000005,0.0
309,0x1E42ba7d7B17B3a77d142D1Ef9C8D79393079B9E,2818.63,0.0,2818.63,0.0
310,0x83026efF97F966f40ecB2673c7dD74AAE84483E6,0.0,0.0,0.0,0.0
311,0xdfbFa45860f234F2a054e3b78ecF354FF7CA8969,5235.37,0.0,5235.37,0.0
312,0x8C4b518D643E23D8c56cE4DCE737ca4eeBA74d7B,5266.639999999999,0.0,5285.5180758999995,0.0
313,0x0B25e374E89DCFeE3E2139B928301f7c38c4F45c,0.0,0.0,0.0,0.0
314,0x7DC00aeE044c6A76Fc4Ef6cB66a563719DEF6076,2169.19,0.0,2169.19,0.0
315,0x7358e5243B7a0103b09096b8152eFf57B23C8d57,0.0,0.0,0.0003537,0.0
316,0xb5baB9CfC8C264d9280A99cB51A2C1633658d5ef,0.0,0.06728879870338704,1.6313504596784998,51.949485399128704
317,0x2d52bA160bC4cc813e7c47dc115C22E141507a25,0.0,0.0,0.0,0.0
318,0x2987b4996F0065145392b806203FF48aB0639793,406.11666299999996,0.0,406.11666299999996,0.0
319,0x197644C9AFCBc861a9a3088aca323520A48Ba4b8,0.0,0.0,0.0,0.0
320,0x7155e8636b1b55Efa7EcE1C5eced928eFb747182,3045.98,0.0,3045.98,0.0
321,0xDd692BC8e6c25c236aCC92A349f78AEbEb6828fe,706.8310897,0.0,706.8310897,0.0
322,0x5c9569443aB0c8518139d6B040200e4dC79c2f84,0.0,0.0,0.0,0.0
323,0xBFea67ff131ab6EE3AE33b6F0547D7cE5c87b3E3,0.0,0.0,0.0,0.0
324,0xCD7D731675A061acE21B30f61e4aC8567E8b9dBb,1441.215,0.0,1441.215,0.0
325,0x016d56039E93f87bE960d375dB1d249910E9F837,4083.95,0.0,4121.7061519,0.0
326,0x2bF77FF18A961367485a34B2Cba8deb900AE183e,0.0,0.0,0.0,0.0
327,0x25a732692969b949f6f7dC4Ba59a1acf3964E479,0.0,0.0,0.0,0.0
328,0xc1ef8D407002A25604010C8bdF4c703586086045,0.0,0.0,0.0,0.0
329,0x9277FBA9912eeDBDF8B2A0178a1716d6D42cf92B,0.0,0.0,0.0,0.0
330,0x4863E29C95625621E98d2B2313c082070ED1230b,0.0,0.0,0.0,0.0
331,0xAC0367375eC176d30f38DbC50904209F4dc67CF4,0.0,0.0,0.0,0.0
332,0xb50F10D22de70F407969012567a83F6e22aDfeb0,0.0,0.0,0.0,0.0
333,0x1534F67F2aC53E8191044787b4ABCe7812477D23,0.0,0.0,0.0,0.0
334,0x92DCA829932551Ad7B1666DEaE1c110107Deb893,1293.6899999999998,0.0,1331.4461519,0.0
335,0x39E3Fa876C2BD38E82Ef4dC76Ca8865Ff8bd5104,0.0,0.0,0.0,0.0
336,0xb3970949c8AD6FFeCf81F45629f9b990CefF044B,0.0,0.0,0.0,0.0
337,0xbc7c84ed78e8940a11D5710581bc4E235dAf25E1,0.0,0.0,0.0,0.0
338,0x50C96Fe0F62e4c290119C7Fa0381eEA092fCe83d,308.5339957,7.679586812672592,313.27951565470687,87.41196832798836
339,0xb5c3508A0f5eE8c9080C7bFDAD8bD4170Fb536B5,0.0,0.0,0.0,0.0
340,0xccc3c0981a608e9D3e732bF3AdBb0d8c556aC5c6,6583.3425,0.0,6584.3425,0.0
341,0xa2d86D4B34A908dE008c14437ea492E278DFBD1f,0.0,0.0,30.037089733100665,0.0
342,0xBBE1CFA46204465Cdbda63600FD1B65A13C8FC57,0.0,0.0,0.0,0.0
343,0x1CF3F55AaFB6023950c50c21C2c63385e039a7F7,994.8627108,0.0,1032.6188627000001,0.0
344,0xFc1b2Ce616d924c413B62F3A9782997b7545898B,0.0,0.0,0.0,0.0
345,0x03Cf066CE9a0557c888857707B872F707C0187De,0.0,0.0,0.0,0.0
346,0x2F0DAfCeF6D5bC843d842d56030b672C2cbc7a83,0.0,0.0,0.0,0.0
347,0xeb5dd4F80270242E7ABE71fd951008b269C9D464,0.0,0.0,0.2427999112797535,0.0
348,0x61B0a897B55544195367cb86aD390d3598a3b0ba,0.0,0.0,6.74288445e-10,0.0
349,0x18B70f704c3dD10fe067EaAb2645c656bFdfFc04,931.605,0.0,931.6050759,0.0
350,0xf664C45Ede0CbFBD7b425F70a23bb907C57a2deb,78.52158806,0.0,97.39966396,0.0
351,0x51B40141DA326C2970811F0e84296439E3A0263D,621.7375366,0.0,621.7375366,0.0
352,0x086eaeAdE8224C11a452aC877BAbffc0a99b00aA,828.9564148000001,0.0,866.7125667,0.0
353,0x14D1393674EBE26D30Abc4749589251Df47D1210,0.0,0.0,4252.4400000000005,0.0
354,0xD85A7A3C5F08E3E709c233E133cE1335fBbF5518,0.0,0.0,1939.5684951250805,0.0
355,0xbED8C03e31f822Bdf450335dc35Ec85EF6499b80,0.0,0.0,0.0,0.0
356,0x0046409B2fDE58E97cb338fA10e2a00c225f4CF6,0.0,0.0,0.0,0.0
357,0x6EEC24666B05748357FEdCf1634E556845934661,0.0,0.0,0.0,0.0
358,0xAf13AEe10352f7394A30a7aaf0BF6Fa6f5B1CFcF,0.0,0.0,0.0,0.0
359,0x890aE53155a2465d9F9Ff603a746cBF04E7FB98E,0.0,0.0,0.0,0.0
360,0xD6f6b2dfFd8c286B8375541eDDD94F491e561B21,0.0,0.0,0.0,0.0
361,0x209E21eb202Ee2fc9C8d07e489c51a293eb9c10A,0.0,0.0,0.0,0.0
362,0xbcD1f05650525Cb123321023aa3cfa20C0F4B5e5,149.2294066,0.0,149.2294066,0.0
363,0x9C73b7b95D3b86e3d90C1E6EE4AcBF63B04B801B,0.0,0.0,2.7526496916869383,0.0
364,0xe1D0Fd369af427ce86E883B8866Fc6DbA0796a68,0.0,0.0,119.64042565840735,0.0
365,0xA985f5252f50e4100F3ECB29Ad435169386FBd4f,7212.96,0.0,7212.96,0.0
366,0xB3184bBDb86f56e1Af1493cDb6F307650242c7cF,0.0,0.0,0.0,0.0
367,0xd9858d7E5b83A7104B998d3d601B5706d490942a,0.0,0.8949880341193847,47.07995447181406,112.71859336685064
368,0xAfc6cF06C2dDcdD93bb35F09f3969A566F0e7923,4333.21,0.0,4333.21,0.0
369,0x512f51C17B9a5aB00584E817E56DE00b5cAcB82C,0.0,0.0,0.0,0.0
370,0x2470C2D7A549d872f4D2b796C8cd49A5450458B2,0.0,2.8316018898550954,857.0094791942228,648.5301741174503
371,0xc872dcFE719fbD043FD48aa340f58D0ae5Ae1DD1,0.0,0.0,0.0,0.0
372,0xC305B9CE5F5428cfC68C3E66BbF1563d5aF03A69,0.0,0.0,0.0,0.0
373,0xBd2b7B9AF0C823f0f02C4c875bbA619f95539aea,0.0,0.0,0.0,0.0
374,0xcB03D26ab7C6DA0E08EB231207952fF382BA9Eb3,0.0,0.0,0.0,0.0
375,0xcDEcd8e2d264354Db73eEF8eAf564C531d041B09,0.0,0.0,19.213845148799898,0.0
376,0x3182282A2c8b63D5b101427AA8780a95448965A4,377.7606859,0.0,377.7606859,0.0
377,0x6c20b41a0669A176a830e116d820F23b8a3b5c77,0.0,0.0,0.0,0.0
378,0xeFe151D1c861e11e4B99eB86b387eb06034493C3,0.0,0.0,0.0,0.0
379,0xd3f93198820A323E898cf764d466dFEbd851F2f6,0.0,0.0,6668.198002836264,0.0
380,0xdc3594961c5F49200cA76851960e57928046eCcB,0.0,0.37168105811886415,7.292568500648623,42.04233647068817
381,0x957a04D49e1fe05d52b49244E4ED32ab451435c2,0.0,0.0,0.0,0.0
382,0x73b0D2FE3B57456e46D3c17cf6bF5fAa71eC6786,0.0,0.0,0.0,0.0
383,0xF5578A761006C2Cdd1497fB86295808B6728196e,165.767797,0.0,184.6458729,0.0
384,0x28E2F2fc606931181Ad91100B0807e13c764498D,0.0,0.0,0.0,0.0
385,0x2d72A1a080DeE2cf74062c1583E0bA9e220eBe81,0.0,4.961932367856197,21.222908866868543,9.164965277368177
386,0x6B2c6bdF1a0b46f3a2C1f4b452F2EEdA1b1133e7,0.0,0.0,11.14304946874326,0.0
387,0x1E0fEf8b3748Df2478Ba21248AC5Aa8B8344C006,0.0,0.0,0.0,0.0
388,0xF5A94D520C543989566AF547DA6974058233C63d,0.0,0.0,0.0,0.0
389,0xA90fF30acc0d7C43b36E6f7871f55D552D06b6cA,0.0,0.0,0.0,0.0
390,0x384F28F7dF8714091F68Bcf4A07F8C2aFC7A0e48,0.0,0.0,0.0,0.0
391,0x9C1Ca39cb4A88BCAAFEcF4c2E775630dC65F3585,0.0,0.0,0.0,0.0
392,0x7b201DED890F49445b45E1388d89C2D902038Eb0,0.0,0.0,15633.090783412359,0.0
393,0x5BD9B20eF76A39eD4175548b84c544502e68c5b1,0.0,0.01689339409477032,0.22132263240446742,28.072795933937865
394,0x224c3152902CaA725EdC53270aFAC87Ccc3E8d29,2194.445,0.0,2194.445,0.0
395,0x45114c5A47ce0Fe8A0b7798E7381A459E749E27F,0.0,0.0,0.0,0.0
396,0x2d867f5A09d3bB191B7c8d4466d7b086f1dD40E4,0.0,0.0,0.0,0.0
397,0x4a654EC9C24567CCaD3A807f3f08d72e9956b143,0.0,0.0,14182.121926836015,0.0
398,0xA5553066576ef50336A39fFc13AaDFAF509b5176,0.0,0.0,0.0,0.0
399,0x5194FDa351f769180303ed7288D13dfa3C73c91f,0.0,0.0,0.0,0.0
400,0x2958EA6D61A90ab722a85453B71f47B97546481E,248.6516955,0.0,248.6517014,0.0
401,0xc19543C278B109399D311eF57BF671585D2D1B5E,0.0,0.0,7.060255316155593,0.0
402,0x4549Abf58E37a806c1C66BccBbb1e9D44A202e15,0.0,2.8387384512143883,313.51838290285946,236.6542919581101
403,0xB0006C1907449dfDC7d43b01EDD2136805E426aB,1326.39,0.0,1345.2680759,0.0
404,0xc062E303Fc6cBb3682c3D43bb91f3060e25d98E7,0.0,3.0431604635508154,9.816310631997471,6.911943750339742
405,0x22e7CB0888892D1cb9682982283cE8eBf1480aa7,0.0,0.0,0.0,0.0
406,0x519C23B65e9d79B67fD804954D88d4cB48982957,0.0,0.0,0.0,0.0
407,0x361cA882C8f8a2448555E7e7afa955F5c719b0c6,0.0,0.0,0.0,0.0
408,0xEd5Cb3305400B87F1B5f010d95F5D753A966974a,0.0,0.0,1145.1880759,0.0
409,0x9783747760f08b9d6ABC43b79C0230c5aE8f647D,932.6550000000001,0.0,932.6550000000001,0.0
410,0xce959671b597aa2bEBB81cAaFeCF7eda3Be84bD0,936.6674714999999,0.0,936.6674714999999,0.0
411,0x40bBA8B1C1140DEFC330c79e4bcBd2CC40e7a380,0.0,0.0,0.0,0.0
412,0x22E4d3DE5Ea54936CA7F553744a340684d1EA01D,659.7683212,0.0,659.7683212,0.0
413,0x682F566D31493d7936F5f97cBFDE6064Cc4c00C1,37.36126401,0.0,56.23933991,0.0
414,0x1E814d345f793B277cC46a4f283A1E62adFd842a,959.3750349999999,0.0,978.2531109,0.0
415,0xfc48D10ec96fA386A21016225abfAa52c78F9E7d,0.0,0.0,18.23588956042035,0.0
416,0xef63773801f5A409D2c124b1EdAe89379d696342,0.0,0.0,0.0,0.0
417,0x25547270255EaC52287189b57a5e443B821C3f60,0.0,0.0,0.0,0.0
418,0x8f54158e257FaD10b0B41972CcCf58D5Bc89C34A,0.0,0.0,0.82,0.0
419,0x655D991f1f6DEaD7bf9DCF450D69a54883deCbFa,0.0,0.0,1322.5361519,0.0
420,0x829C4ACBf5a3092F50D5608d66111B6e28c78A94,9326.41,0.0,9326.41,0.0
421,0x2C5B12e7b6C05940dD9c6eFB06EFCd1622e3edF0,403.7850755,0.0,403.7850755,0.0
422,0x2D177c549c37ff5C32E850Dab0765be46463706E,0.0,0.0,0.0,0.0
423,0x930cb2b6dd210F0033005b30eB2C9728Bea78Dd2,1363.49,0.0,1363.49,0.0
424,0x4fcEb024Bc80041C9d330DC0ACB418A992B2Ff13,131.634950025,0.0,131.634950025,0.0
425,0x72586eEC278D62eA783b9941206BcdCFa12059eB,0.0,0.0,0.0,0.0
426,0x076F56567aC7889C7e3303987415e385c4053746,0.0,0.0,1.157038737774249,0.0
427,0x133Eef1CA6c5432A1D24C7E126E82fa15b5998CC,0.0,0.0,0.0,0.0
428,0x94a6DcB01f86860fAA24714Db379672cF734C8ce,2487.01,0.0,2487.01,0.0
429,0x81c9312860bCf9EDdEf41D6839CCded0C7961759,0.0,0.0,0.0,0.0
430,0xA760C104e2b2F11f8426dc4744869CDC7ead4087,0.0,0.0,0.0,0.0
431,0xB442793C1B2a05377A3c7ED50b84B28fc9083338,0.0,0.0,0.000482,0.0
432,0x46A64818147d7094273314460C9Cf41F8e2A0fBd,0.0,0.0,0.0,0.0
433,0x22B7599A5e26cbb003e2Ac41ab2297bf86adF99b,0.0,0.0,190.94942468400546,0.0
434,0xd15472D58E1bF8fBfa4a9f87c5F3d4108D965b8f,0.0,0.0,726.405634889893,0.0
435,0x17480b5189C49cF34e319f2fb12c0152659e2ef4,141.3752273,0.0,141.3752273,0.0
436,0xfe5d12765d8960f17E1Ac36eB840d891831eaF58,266.42952285,0.0,721.6398047,0.0
437,0xe71A4d867370a51bD340F55B81069708199cCEc4,138.63896499999998,0.0,138.63896499999998,0.0
438,0xaaCc229C6630D8B0fC480Ab838F59554e715C106,0.0,0.0,0.21683666690502937,0.0
439,0xA5BBA8Ce90404Bd8B5B7E53aF8843Ad35D3Ce80D,0.0,0.0,0.0,0.0
440,0xC019042ee9c66190f56652b83267Cf87E06987D2,0.0,0.0,0.0,0.0
441,0xc61af4900d62d392D90f8a7Bd003aB159F89CE4F,3692.1400000000003,0.0,3692.1400000000003,0.0
442,0x526C7665C5dd9cD7102C6d42D407a0d9DC1e431d,0.0,0.0,0.0,0.0
443,0xc6104c7Edf93C5140e84893E5Da8927c24FeB771,663.1938851,0.0,663.1938851,0.0
444,0x7F737e340cED8928307e01Da3D7B452BEd60c2b4,230.457669,0.0,230.457669,0.0
445,0x381F19391dE8de22213C4Ebd1cc67520D43012e1,0.0,0.0,0.0,0.0
446,0xC6b3656ce53C863AfAeA5ab54d86d76706688c81,0.0,0.0,0.0,0.0
447,0xd895584a3204F4dF85de6e8Ad6789418158Ab8C5,0.0,0.0,0.000854,0.0
448,0x4468dca9fcE9F4C5b39851DE46AF225b7e24E11c,0.0,0.0,0.0,0.0
449,0xDFC9DeCB79c5a7820aE6cB2681C8Ff812069e465,0.0,0.0,0.0,0.0
450,0xF7a9004A2f3df14DA68CFb56B544210b7737Bd3f,274.8508755,0.0,274.8508755,0.0
451,0x5E05a889f2b4Dd85F8C17C10bf92747C6fEB5b33,0.0,0.0,251.82996798480877,0.0
452,0xb47d01f7315123ab96E2A40D3A3d4E2346994a20,0.0,0.0,0.0,0.0
453,0x893591d8c095DE513604b4fEbb3bb3Ec7f421ddd,0.0,0.0,0.0,0.0
454,0x0dbA48d0451907Ca700e764516139e02C7d53653,0.0,0.0,0.04952426960840577,0.0
455,0x3E882D3244F83FE650159b6cbB1F5D207154A66c,0.0,0.0,0.0,0.0
456,0xFD7456D727CE994b9BDb8785F1C92bc55BAbf1e1,0.0,0.0,0.0,0.0
457,0x00FF44691115EEfd20aBc3A44D57ba7072fF930d,0.0,0.0,0.0,0.0
458,0x680BA9E850944f78aD136A8c6368c53fB47f45Cf,0.0,0.0,0.0,0.0
459,0xe75e5868ae64Ea99ae1caEc16F6A55244Bf21e2B,0.0,0.0,0.0,0.0
460,0xfA6A94BB6aD03Fe22cD6920098aDCe3d463d33D3,0.0,0.0,0.0,0.0
461,0x2Afe4638F9132258F389B7aF833d915AfB86aBFf,0.0,0.0,0.0,0.0
462,0x79792c512D1029a640C86f20C9d30ef3643D4d38,0.0,0.0,0.0,0.0
463,0x3D00f53b93d13916209Bd4E884851F2928991a60,0.0,0.0,563.5749863489602,0.0
464,0x6507d08CDa616F2F253E6AAfD6509408Cb89818D,1598.8125,0.0,1598.8125,0.0
465,0xA6fa5438CE50208E0921C6ec592D3eB2BA60f15e,0.0,0.0,0.0,0.0
466,0xDD39d53557CDFa986ADd241223A73b1ae1D35766,0.0,0.0,0.0,0.0
467,0x1759D079Fa8f25D8b0B1296fBAef62C7d2fd901c,0.0,0.0,0.0,0.0
468,0x7029543b9Fd023B9F7a94bc4AF11c4Ed295dc07e,706.8761366,0.0,706.8761366,0.0
469,0x6a435d6D42A546CA8447655990E243f8a448B37f,0.0,0.0,1455.1080759,0.0
470,0xE8eA41F87Bbd365a3ec766e35ac4aC1d6A5E760a,0.0,0.0,0.0,0.0
471,0x73455dF7D5469302F4E58418A8dD13b0c6ad3bB3,583.1432062,1.934592459030465,624.7097992880988,691.935452558483
472,0x004537FCd9095489EbE38180a382341B962b501d,0.0,0.0,0.0,0.0
473,0xa1B5b2d4b0343ec719Ee6B11Ba2D3489f535110E,437.3146122,0.0,456.1926881,0.0
474,0x6EA7F12a0c1E99A6C8e53ca6525a77632ee7275a,228.2280089,0.0,931.7901115000001,0.0
475,0xbC69b868A4CF6FE2FC8deAaA6173ED50379a4AC0,0.0,0.0,0.0,0.0
476,0x6AFf961297eC2248839d6aDb5731f79b582FD5D9,0.0,0.0,0.0,0.0
477,0x5e3ab81831562f8c74eD59032C4fc890793687EA,416.62154733333335,0.0,416.62154733333335,0.0
478,0x1F51812bC52130203C5c5BF7003c2350e27236E8,0.0,0.0,0.0,0.0
479,0x16b8Cc5B1558b365D9844385425b13Bde0ceaa49,0.0,3.6213380988089687,158462.09177818624,93763.33930879903
480,0xc60EE1Bb3880B5C0805608dAbF84Ccd4021cAF89,1557.24,0.0,1557.24,0.0
481,0xfe592366b2fE07a1A7F3A8F4374Fade45a2f13ab,0.0,0.0,1751.612855345265,0.0
482,0x691Ce62a208B195acCF54C39a98F1112C90046d1,0.0,0.0,0.0,0.0
483,0x955E7c7cb04885d102437191dFF26dbFC9747FD1,0.0,0.0,0.0,0.0
484,0x7028C487a6dA4a784960730b044926275ED4d802,0.0,0.0,12.386005349894653,0.0
485,0x3b1E215FE1138aA9034b5E6De39892e45ac05176,0.0,2.0840100831281303,30408.557508980728,31266.03129975709
486,0xA731f0052E9221EFe4A7475D61071730f799aBC7,0.0,0.0,0.0,0.0
487,0x344215CA4219520166C7478c0Afb07c92e14B790,0.0,2.1628203419369036,11018.399772135248,10916.284233454688
488,0x005ee86190ee30575B0F834d3FbF22980D855b55,0.0,0.0,0.0,0.0
489,0xAC37a41B0cA2949413602B3336959fAE099c9F57,0.0,0.0,0.0,0.0
490,0x406000614CD5ec5Dc2281d53F0D11A6Cc1ED944C,0.0,0.0,0.0,0.0
491,0x7d660F50A62D43806b82e40fFFEaEfb60537cFF5,471.2663255,0.0,490.1444014,0.0
492,0x596b682CF5a534999D5Ad7A5a7Ac7B00C603Ee0B,1065.9,0.0,1065.9,0.0
493,0xf671284D1F3f4b3bd4BEc0959A23e7c5dB4A62C3,0.0,3.1845909155358405,326770.81613901333,219870.19729845008
494,0x758D10334Bc9b3e6F0d41B6E96e64a1663324d8B,0.0,0.0,0.0,0.0
495,0xFCEAce3b7ADB02Db38a4131B13c2CB954Ba205F6,0.0,0.0,0.0,0.0
496,0x87c2ABcea2fC817DF16566d145D15f038024789E,272.1749532,0.0,272.1749532,0.0
497,0x9515Bf2F910279CE3A54245B5Ea7C67A3a3D4C44,0.0,0.0,0.0,0.0
498,0x2E771628e765C04a06252801177332D078A19A21,0.0,2.214463182465718,858.9610416202626,831.1544947715109
499,0x99542C19e06dF5C1A26902BdE8f5AD8C625e3719,0.0,0.0,0.0,0.0
500,0xeC8D658f939e8C9A27b1EA7A1fA2d47314d0010B,0.0,0.0,0.0,0.0
501,0xCD13CB54661487725580a5C873848e6C24F781F2,4263.61,0.0,4282.4880759,0.0
502,0x05BF9b51204B73814F368dcf7f6De6Fe2860faF1,9327.7,0.0,9327.7,0.0
503,0xb0ca67F625630b7CfE20b6797d59b47e25441d8f,0.0,0.0,0.0,0.0
504,0x27596CaF4a5618586c6a0e8d34C184A8Fb58Aea7,426.2646605,0.0,426.2646605,0.0
505,0x164041C3020De5Debe825303FEFd68B70f23e2Fc,0.0,0.0,0.0,0.0
506,0xcdA16A18d3F942571E7ba81B7D2219A6802C45A1,0.0,0.0,0.8992818096328703,0.0
507,0x80450192c233A7E505774decC2c9f291ee794BC7,0.0,1.1342998521363878,14.719384093546184,27.805999962252972
508,0xa9BdADCE387700B18a3D5c2a668395bDAdc7b76B,0.0,0.0,9.7706493488638e-05,0.0
509,0x9b57d4db3f22B10123164236fC13BdFCcbC9181a,8291.86,0.0,8291.86,0.0
510,0x169D47A59Af8565F4677e996D2b2Cbc214D313a9,0.0,0.0,0.0,0.0
511,0x864DB360581F8f1f833D56f97876919eA791DB2F,0.0,0.0,2.071486664856873,0.0
512,0x4Ea5f73eE941d6f5983F823dB521f87A0475Cb61,0.0,0.0,0.0,0.0
513,0x817750AF08c7C95146F9d9C5936Fee283233F443,0.0,0.0,0.0,0.0
514,0x7C5b7712fB4E08d25af6dF531473cA461Af19A4C,0.0,0.0,5.6e-17,0.0
515,0xc784aa191b4562D4AE860b851461d7faC80ACf33,0.0,0.0,0.0,0.0
516,0xc54ff0f0Ea8A6D97f86396F2D1c2EEAa7d992924,4849.679999999999,0.0,4868.5580758999995,0.0
517,0x7a362D5a6254ADe48139C3AB81008B1898003394,0.0,0.0,3.6580759,0.0
518,0x93770F4Bf7455237E5e9373d1fb49F8d3E7a20F2,15000.0,0.0,15000.0,0.0
519,0x472FEA72C4d24414437f159c709fe99cd296ec08,0.0,0.0,0.0,0.0
520,0x93867b142026E3582FBF2D747987Ce7cfcD5cC32,0.0,0.0,0.0,0.0
521,0x6A956F2E7CBC4CFC5BfD8EcCB0f1f35E8679Af47,291.3932181,0.0,310.271294,0.0
522,0xCb016db66774BD5dd798fC3Ac9c3BfcC06d68c84,0.0,0.0,0.0,0.0
523,0xCe929ddc9AF1a510e58cD9b030d2CD6A4bF3d397,0.0,0.0,0.0,0.0
524,0x86a61Efe4369F9A352D81aA6e3D86632C47ae67B,0.0,0.0,0.0,0.0
525,0x902C9aeF0F3973dA18712f24ebb7c8cb2c7EA93C,1705.4099999999999,0.0,1705.4099999999999,0.0
526,0x8f6e1e5069b336aE553f463D2c0924674E8471fc,0.0,0.0,0.4646199506504525,0.0
527,0x05282B9c5034CDFC8aF432659c868815A959A847,0.0,0.0,0.0,0.0
528,0x785239bbFf630dE492D9aa410Abe70AC1e6A096E,0.0,0.0,45.549706300000004,0.0
529,0x2950E3b4663273D9B45036FbCD5732Cf6a6dc8A8,1142.8899999999999,0.0,1161.7680759,0.0
530,0x54c6154263bb13BD339b82578aBeE7e2ed44B630,616.3209955,0.0,616.3209955,0.0
531,0x511766ED016311ed19e96A01d039569c56412D98,0.0,0.0,0.0,0.0
532,0x80a07cc021054F24F592B713770e0fe80534a0Cd,0.0,0.0,0.0,0.0
533,0x9CdC5521EF66E57b4A04D3f9a558FFca9d736E97,0.0,0.0,0.0,0.0
534,0x4c1F633bfee6d96F6ca7C0643cfdf717457c265E,0.0,0.0,0.0,0.0
535,0x215002Ead9Bd140987cfe21ba1c4b0B81c50A7C2,7088.04,0.0,7088.04,0.0
536,0x68dC1EF73E2953deb0b24b3815c94e804aF31ec9,235.62537890000002,0.0,235.62537890000002,0.0
537,0x05b2040Ca03477b6A6bF483739e8b6a32513b17c,0.0,0.0,0.0,0.0
538,0xf98Ba9AD9B3aa0e042049b80cdf3209eB6f93ea1,0.0,0.0,3070.1264938211725,0.0
539,0x41320D3D256e4b9fc59aa6689a67C91C333851F7,426.2658839,0.0,426.2658839,0.0
540,0x6BDFA6257e032E5cEf97AB1A02a4757B01589e71,0.0,0.0,0.0,0.0
541,0xb0968ECA72D88f3dCA266E4b4c126F2421B06F26,2513.2400000000002,0.0,2532.1180759,0.0
542,0x2d9a17445E3079451fADdAACfF48D956EBA05fFD,0.0,0.0,4.7006527544685e-05,0.0
543,0x9a74dcC21697696e71D57383e3C2B948598ab7bB,0.0,0.0,0.0,0.0
544,0x326501E64Be342aa4CdEDF8874d73590474E2948,0.0,0.0,0.0,0.0
545,0x456cc02843017A227Cf5E7AE54Cad528aF52E18a,0.0,0.0,0.0,0.0
546,0x4fCb1C5aa9a53E7A198d345C5F1E4C221D58Ba65,0.0,0.0,0.0,0.0
547,0x3dD0623011e1ed2dAC7a824A0afCe4268C0f10B7,497.447788,0.0,497.447788,0.0
548,0xdDdc4A4BF91C51A5Ee598cE9c51D83fb80478eBA,0.0,0.0,8000.0,0.0
549,0x2e8bD6a283Adf4C9C54F4bDE53FA9f426bC642F9,1632.1,0.0,1632.1,0.0
550,0xA023552313471Fce3062fF7a07861F74bcaa0d90,0.0,0.0,0.0,0.0
551,0x25C1B76d6d678e2d99a54Ce46013ad528324bAeB,0.0,0.0,0.0,0.0
552,0x26408762614257F6182e76897D87a8A34a12D956,0.0,0.0,0.6928303142358938,0.0
553,0x5fc8b83774397da67152674cEE0869E0703706D2,0.0,0.0,0.0,0.0
554,0xA95e0D614E5d32640162da78F114d412586E5Ee6,2051.41,0.0,2051.41,0.0
555,0x94440b1531054ef62c766800450C22582715CfE3,1409.3400000000001,0.0,1409.3400000000001,0.0
556,0xd0b6e853A8da741D8D54EFB40FF29ac6f8B1B5c3,0.0,0.0,0.0,0.0
557,0x5009a4e75B3397a5dB01473E0dA71fF5265E91Da,0.0,0.0,0.0,0.0
558,0xa3CfdB964F40bf5E90C486A05d2A2a30f4907D95,0.0,0.0,317.33688909999995,0.0
559,0xB2dCc7B61a54b7Efe1938cFaDBd6a415Ef89Ff4C,1437.52,0.0,1437.52,0.0
560,0x18dB3C4ffa586c3eBf4D9f939F8DB79dcCe89048,241.532423325,0.0,241.532423325,0.0
561,0x6dBd8C623f40ac16C950eb629ce171c05d4B569c,0.0,0.0,0.0,0.0
562,0xe2a1853D64924c90267EaC68E413fB2FaC5fDeF7,609.6442848,0.0,628.5223607,0.0
563,0x0Ea5bdE1F85242E060027be3047e129446671AF8,0.0,0.0,0.0,0.0
564,0xc819a7ad23059B31fC63aF55e94723b1d27623D6,0.0,0.0,0.0,0.0
565,0x5bEED0516Cbf1857183c9Fe25179Eb3B3c2FdF43,0.0,0.0,0.0,0.0
566,0xc2EeAdC3737510C32B1b1049c6B8e857482b300E,0.0,0.0,0.0,0.0
567,0xd7b9B19a12Dbdb7cfb24CFfE99Ecd27E0AF65659,6349.33,0.0,6349.33,0.0
568,0x9A747C51AD4B00D9ABc5A2F317A3F475290f3dA8,317.16640140000004,0.0,317.16640140000004,0.0
569,0x598bf0D738e376b0B4FdB91caC48853DdC9bfc46,785.3271298,0.0,785.3271298,0.0
570,0xc062788d80124013C769A7593c33c1bF90c7b252,0.0,0.0,0.0,0.0
571,0xBEFC02efdF8266f0dC2bAc7Fd3DB5562b48De2e4,1434.21,0.0,1434.21,0.0
572,0xCeeD474D02362DA11951A17e352b15379132c077,0.0,1.9178879078576923,448282.5903442143,500847.38087480323
573,0xA61B8d13D20a3bdDf00702BFe4092981701a7358,0.0,0.0,0.0,0.0
574,0x6C97F4C8378078b9E2a42d87Bb60AB3C3Cce22F7,0.0,2.069371081254157,782.8557913450373,810.6252889556575
575,0x4b38a6Ee7dA9836C7f6CD9d595D8EFe73f7D9Aa2,0.0,0.0,0.0,0.0
576,0x1EfA0d654D2CeAf84e14c60B3971f572bA169253,167.80740509999998,0.0,167.80740509999998,0.0
577,0xf4c9e504bd85E60cC8D3797bC9dC0dac9876F619,0.0,0.0,6500.3280759,0.0
578,0x8281dc42ba251BfE66Eb372f8F2dD1D1c2ea7B3B,0.0,0.0,0.0,0.0
579,0xEfD5805d7e3322705982bACD069782Cf47fa7199,1409.3400000000001,0.0,1409.3400000000001,0.0
580,0xe3a18f42C4eE570D2a8153eab145226F7eea11A3,165.767797,0.0,165.767797,0.0
581,0xF2181396f9fd91421D9bD5E0e6DBEcADC3458393,0.0,0.0,1.0,0.0
582,0x70B86c423c5d10112096b6091B65796728f3C7B5,494.2684972,0.0,494.2684972,0.0
583,0x9624Db1479ADAcEF6fF8Ad63955B492A8c7430b5,0.0,0.0,0.0,0.0
